{
  "products": [
    {
      "name": "Pulser",
      "price": "99.99",
      "id": 1
    },
    {
      "name": "Baby Toy",
      "price": "567",
      "id": 3
    },
    {
      "name": "Coffee",
      "price": "56",
      "id": 4
    },
    {
      "id": 5,
      "name": "Vitamin C",
      "price": "7.99",
      "type": "Health",
      "active": false
    },
    {
      "name": "Medicine tablet",
      "price": "90",
      "id": 12
    },
    {
      "name": "Flu Shot",
      "price": "12",
      "id": 13
    },
    {
      "name": "Perfume tea",
      "price": "654",
      "id": 14
    },
    {
      "name": "Medicine A",
      "price": "543",
      "id": 15
    },
    {
      "name": "Queen Bed",
      "price": "999",
      "id": 16
    },
    {
      "name": "Cream A",
      "price": "76",
      "id": 17
    },
    {
      "name": "Umbrella",
      "price": "766",
      "id": 19
    },
    {
      "name": "Baby Food",
      "price": "199.67",
      "id": 20
    },
    {
      "name": "Baby Food",
      "price": "23",
      "id": 21
    },
    {
      "name": "Sun protection",
      "price": "22",
      "id": 22
    },
    {
      "name": "nmcnbmc",
      "price": "999",
      "id": 26
    },
    {
      "name": "lhghjkghjfg",
      "price": "dghff",
      "active": false,
      "id": 29
    },
    {
      "name": "ruhhgfddd",
      "price": "sdfgdfg",
      "active": false,
      "id": 30
    },
    {
      "name": "Vitamin E",
      "price": "98",
      "id": 31
    },
    {
      "name": "mghjfghdfghfgh",
      "price": "fdas",
      "active": true,
      "id": 32
    },
    {
      "name": "Fish Oil",
      "price": "36",
      "id": 33
    },
    {
      "name": "Shampoo",
      "price": "7",
      "id": 34
    },
    {
      "name": "jkfdfhdgsfda",
      "price": "sdfa",
      "active": false,
      "id": 35
    },
    {
      "name": "sfdadg",
      "price": "dsfgd",
      "active": false,
      "id": 36
    },
    {
      "name": "yuyj",
      "price": "fsdg",
      "active": false,
      "id": 37
    },
    {
      "name": "Soup",
      "price": "99",
      "id": 38
    },
    {
      "name": "hgkgj",
      "price": "gffhfdg",
      "active": false,
      "id": 39
    },
    {
      "name": "jfgfhfgdh",
      "price": "dsfgdfgdg",
      "active": false,
      "id": 41
    },
    {
      "name": "rrrrrr",
      "price": "rrrr",
      "active": false,
      "id": 42
    },
    {
      "name": "zzzzz",
      "price": "zzzz",
      "active": false,
      "id": 43
    },
    {
      "name": "xxccc",
      "price": "ccc",
      "active": false,
      "id": 44
    },
    {
      "name": "Plant Vegetable",
      "price": "392",
      "active": false,
      "id": 47
    },
    {
      "name": "gsfsdfa",
      "price": "342324",
      "active": false,
      "id": 48
    },
    {
      "name": "trewteter",
      "price": "66666",
      "active": false,
      "id": 49
    },
    {
      "name": "Newgroup",
      "price": "99999999",
      "active": false,
      "id": 51
    },
    {
      "name": "NewPeople",
      "price": "999999",
      "active": false,
      "id": 52
    },
    {
      "name": "Mask A",
      "price": "76",
      "id": 53
    },
    {
      "name": "Skin Care",
      "price": "77",
      "id": 54
    },
    {
      "name": "Iwatch",
      "price": "897",
      "id": 55
    },
    {
      "name": "Perfume12",
      "price": "999.99",
      "id": 56
    },
    {
      "name": "Shampoo",
      "price": "8.88",
      "active": false,
      "id": 59
    },
    {
      "name": "Tank",
      "price": "tank",
      "active": false,
      "id": 62
    },
    {
      "name": "Tank",
      "price": "tank",
      "active": false,
      "id": 63
    },
    {
      "name": "Soup",
      "price": "8",
      "active": false,
      "id": 65
    },
    {
      "name": "Amed",
      "price": "3",
      "active": false,
      "id": 69
    },
    {
      "name": "Amed",
      "price": "45",
      "active": false,
      "id": 72
    },
    {
      "name": "Mmed",
      "price": "as",
      "active": false,
      "id": 73
    },
    {
      "name": "ABook",
      "price": "46",
      "active": false,
      "id": 74
    }
  ]
}